{"cameraMode":{"drawMode":0,"name":"Shaded","section":"Shading Mode"},"sceneLighting":true,"audioPlay":false,"sceneViewState":{"m_AlwaysRefresh":false,"showFog":true,"showSkybox":true,"showFlares":true,"showImageEffects":true,"showParticleSystems":true,"showVisualEffectGraphs":true,"m_FxEnabled":true},"in2DMode":false,"pivot":{"x":0.5604062080383301,"y":-2.394583225250244,"z":0.515784740447998},"rotation":{"x":-0.03163963928818703,"y":0.8862497210502625,"z":-0.45801907777786257,"w":-0.06124397739768028},"size":10.320636749267579,"orthographic":false}