{"cameraMode":{"drawMode":0,"name":"Shaded","section":"Shading Mode"},"sceneLighting":true,"audioPlay":false,"sceneViewState":{"m_AlwaysRefresh":false,"showFog":true,"showSkybox":true,"showFlares":true,"showImageEffects":true,"showParticleSystems":true,"showVisualEffectGraphs":true,"m_FxEnabled":true},"in2DMode":false,"pivot":{"x":-2.6085610389709474,"y":2.7047932147979738,"z":-12.148626327514649},"rotation":{"x":0.12622012197971345,"y":-0.7692131400108337,"z":0.16033658385276795,"w":0.6055417060852051},"size":11.971076011657715,"orthographic":true}